{
  "evaluation_summary": {
    "total_models": 1,
    "best_model": "RandomForest",
    "best_r2": 0.290314598626626,
    "evaluation_timestamp": "2025-07-25T20:06:33.682842"
  },
  "model_rankings": [
    {
      "rank": 1,
      "model_name": "RandomForest",
      "r2": 0.290314598626626,
      "rmse": 0.22344923128778116,
      "mae": 0.1910116215654194,
      "cv_r2_mean": -0.9668597458426766,
      "cv_r2_std": 2.2292276807803053
    }
  ],
  "detailed_metrics": {
    "RandomForest": {
      "r2": 0.290314598626626,
      "rmse": 0.22344923128778116,
      "mae": 0.1910116215654194,
      "mse": 0.049929558963100314,
      "mape": 0.8810236756184998,
      "cv_r2_mean": -0.9668597458426766,
      "cv_r2_std": 2.2292276807803053,
      "residuals_mean": -0.12843581292054532,
      "residuals_std": 0.18544285474902691,
      "residuals_normality_p": 0.07248420857766373
    }
  },
  "feature_importance_summary": {
    "RandomForest": {
      "values": [
        0.023700399132517865,
        0.009293159909864571,
        0.3375017970509193,
        0.006454970629585502,
        0.02111671771611079,
        0.0071795713494194864,
        0.019931442036990092,
        0.13525629859901145,
        0.01236562353825465,
        0.0028809743764088617,
        0.0019237426369096329,
        0.003343879799046281,
        0.002192362262371832,
        0.04539416047948499,
        0.015892076339678676,
        0.009117617973542925,
        0.00513674318581195,
        0.014565438902818771,
        0.030318096273387687,
        0.04666985114101226,
        0.02572558268384417,
        0.005951284534639408,
        0.01298720011847706,
        0.024524589706634892,
        0.0064279429136126056,
        0.14607260090054155,
        0.011616551621984357,
        0.016459324187118235
      ],
      "feature_names": [
        "feature_0",
        "feature_1",
        "feature_2",
        "feature_3",
        "feature_4",
        "feature_5",
        "feature_6",
        "feature_7",
        "feature_8",
        "feature_9",
        "feature_10",
        "feature_11",
        "feature_12",
        "feature_13",
        "feature_14",
        "feature_15",
        "feature_16",
        "feature_17",
        "feature_18",
        "feature_19",
        "feature_20",
        "feature_21",
        "feature_22",
        "feature_23",
        "feature_24",
        "feature_25",
        "feature_26",
        "feature_27"
      ],
      "method": "built_in"
    }
  }
}