{
  "original_features": [
    "Turbidity ",
    "Chroma",
    "pH ",
    "DO",
    "electrical conductivity",
    "UV254",
    "COD",
    "TOC",
    "BOD",
    "nitrate nitrogen",
    "ammonia nitrogen",
    "TN",
    "phosphate",
    "TP",
    "Unnamed: 15",
    "Algal density（×10^5cells/ml)",
    " Specific growth rate",
    "Total photosynthetic pigments",
    "Dry cell weight",
    "protein(%)",
    "polysaccharide(%)",
    "N(%)",
    "C(%)",
    "S(%)",
    "H(%)",
    "O(%)",
    "P(%)",
    "N conversion rate(%)",
    "P conversion rate(%)"
  ],
  "selected_features": [
    "S(%)",
    "H(%)",
    "Dry cell weight"
  ],
  "selected_feature_indices": [
    23,
    24,
    18
  ],
  "feature_scores": {
    "correlation": [
      0.04417148023958359,
      0.01872657647465604,
      0.17335313425908427,
      0.08451974980828611,
      0.04915902165750683,
      0.01726329581506806,
      0.12573961798776087,
      0.1727310368140903,
      0.2012273901253321,
      0.0495444454871172,
      0.08651709981765987,
      0.09480577004260349,
      0.1651685912257711,
      0.07093415425571706,
      0.19666324543413558,
      0.07619399993313317,
      0.25817908552497904,
      0.06421733546470453,
      0.28324172600212916,
      0.13577374976816955,
      0.06761476470051514,
      0.0645386291710048,
      0.019965860495875898,
      0.4036105809825161,
      0.3385215655184548,
      0.038447059000681176,
      0.07664102446287113,
      0.07384052625867542
    ],
    "f_statistic": [
      0.06646775520727806,
      0.011927461437514721,
      1.053400577782821,
      0.24462952824906084,
      0.08236376099086985,
      0.010135747671083164,
      0.5461908764573637,
      1.045621552918792,
      1.4348440970936904,
      0.08366353554471159,
      0.25641642146227744,
      0.3083682119552992,
      0.9535562059441262,
      0.17194139380226336,
      1.3679043513292515,
      0.19854050325696984,
      2.428172287787825,
      0.14079205752596313,
      2.9655974100039146,
      0.6385446364936838,
      0.15615361407258407,
      0.1422103176225629,
      0.013559015007470572,
      6.616486642740628,
      4.400586232756348,
      0.05033239591433125,
      0.2008907871174785,
      0.18639871753131904
    ],
    "mutual_info": [
      0.27019416042630606,
      0.0,
      0.026832848990471447,
      0.23115044901757553,
      0.0,
      0.0,
      0.0,
      0.09197862210235153,
      0.0,
      0.24187003212548674,
      0.0,
      0.16897282353993193,
      0.0,
      0.0,
      0.0,
      0.0,
      0.07831207859281486,
      0.0,
      0.20157420064644782,
      0.031049078619497905,
      0.08026438842626726,
      0.0,
      0.28067705602137316,
      0.19826045228813927,
      0.14986265519160247,
      0.0,
      0.036795228461589335,
      0.17514508118792804
    ],
    "lasso": [
      0.0,
      0.0,
      0.0,
      0.0,
      0.0,
      0.0,
      0.0,
      0.0,
      0.0,
      0.0,
      0.0,
      0.0,
      0.0,
      0.0,
      0.0,
      0.0,
      0.0,
      0.0,
      0.0,
      0.0,
      0.0,
      0.0,
      0.0,
      0.0,
      0.0,
      0.0,
      0.0,
      0.0
    ],
    "random_forest": [
      0.022721026479357878,
      0.013331863960285162,
      0.008789618881206229,
      0.051638512495686024,
      0.011784826886514995,
      0.00546607912923142,
      0.0112106916384176,
      0.03157361418432701,
      0.02908543596715017,
      0.0717260889257556,
      0.004903516939636715,
      0.043203999098701276,
      0.019002015415224463,
      0.02106945373385796,
      0.0070164258584476235,
      0.0044723377722215435,
      0.01370975736813054,
      0.034695777932667406,
      0.07475601522793217,
      0.004291679676725693,
      0.011304278651971488,
      0.00519868981291933,
      0.06272750838812605,
      0.21633711070347258,
      0.1662650175735037,
      0.008510897182237777,
      0.03238127289532801,
      0.012826487220963733
    ]
  },
  "performance_comparison": {
    "original_cv_r2": "-4.3642 ± 7.7685",
    "selected_cv_r2": "-1.1113 ± 2.2467",
    "performance_change": "+3.2529"
  },
  "dimensionality_reduction": {
    "original_features": 29,
    "selected_features": 3,
    "reduction_ratio": "89.7%"
  }
}