{
  "y_true": [
    0.341508551,
    13.54468891,
    2.427192887,
    3.569049226,
    4.208456553,
    11.50799233,
    13.12245895,
    14.88848108,
    0.232392516,
    1.33174205,
    0.22163165,
    1.822245062,
    0.766911726,
    1.898,
    0.165096233,
    0.816154811,
    0.88145216,
    1.533676534,
    13.674,
    9.347,
    5.321,
    10.111,
    8.725,
    12.859,
    1.215,
    6.69,
    3.988,
    0.82,
    1.184,
    6.173,
    13.573,
    1.587,
    4.241,
    1.467,
    1.424,
    6.97
  ],
  "y_pred": [
    5.073559200805556,
    5.073559200805556,
    5.073559200805556,
    5.073559200805556,
    5.073559200805556,
    5.073559200805556,
    5.073559200805556,
    5.073559200805556,
    5.073559200805556,
    5.073559200805556,
    5.073559200805556,
    5.073559200805556,
    5.073559200805556,
    5.073559200805556,
    5.073559200805556,
    5.073559200805556,
    5.073559200805556,
    5.073559200805556,
    5.073559200805556,
    5.073559200805556,
    5.073559200805556,
    5.073559200805556,
    5.073559200805556,
    5.073559200805556,
    5.073559200805556,
    5.073559200805556,
    5.073559200805556,
    5.073559200805556,
    5.073559200805556,
    5.073559200805556,
    5.073559200805556,
    5.073559200805556,
    5.073559200805556,
    5.073559200805556,
    5.073559200805556,
    5.073559200805556
  ],
  "residuals": [
    -4.732050649805556,
    8.471129709194443,
    -2.6463663138055558,
    -1.5045099748055555,
    -0.8651026478055552,
    6.434433129194445,
    8.048899749194444,
    9.814921879194443,
    -4.841166684805556,
    -3.7418171508055558,
    -4.851927550805556,
    -3.2513141388055558,
    -4.306647474805556,
    -3.175559200805556,
    -4.908462967805556,
    -4.257404389805556,
    -4.192107040805555,
    -3.5398826668055556,
    8.600440799194445,
    4.273440799194444,
    0.24744079919444406,
    5.037440799194445,
    3.651440799194444,
    7.785440799194444,
    -3.858559200805556,
    1.6164407991944447,
    -1.0855592008055557,
    -4.253559200805555,
    -3.8895592008055555,
    1.0994407991944444,
    8.499440799194446,
    -3.486559200805556,
    -0.832559200805556,
    -3.6065592008055556,
    -3.6495592008055557,
    1.896440799194444
  ],
  "basic_metrics": {
    "mse": 23.303542361452703,
    "rmse": 4.827374271946677,
    "mae": 4.19315513659568,
    "r2": 0.0,
    "adj_r2": -0.02941176470588225,
    "mape": 383.2120959625239,
    "max_error": 9.814921879194443,
    "accuracy_10pct": 2.7777777777777777,
    "n_samples": 36
  },
  "confidence_intervals": {
    "r2": {
      "mean": -0.029923141086478974,
      "std": 0.046111002495794993,
      "ci_lower": -0.17223231792609717,
      "ci_upper": -4.566982847853396e-05,
      "median": -0.013797255043089485
    },
    "rmse": {
      "mean": 4.84179190961077,
      "std": 0.42053822424075327,
      "ci_lower": 3.9908577533604417,
      "ci_upper": 5.625883082823609,
      "median": 4.85419050165277
    },
    "mae": {
      "mean": 4.22162171139921,
      "std": 0.41063553206540815,
      "ci_lower": 3.392231162563272,
      "ci_upper": 5.059928599356481,
      "median": 4.213387756529321
    },
    "mape": {
      "mean": 379.3920344469119,
      "std": 112.14145793482056,
      "ci_lower": 199.64242284924282,
      "ci_upper": 607.6355482875691,
      "median": 367.30203653586307
    }
  },
  "error_distribution": {
    "±5%": 1,
    "±10%": 0,
    "±20%": 2,
    ">20%": 33
  }
}