{
  "y_true": [
    0.341508551,
    13.54468891,
    2.427192887,
    3.569049226,
    4.208456553,
    11.50799233,
    13.12245895,
    14.88848108,
    0.232392516,
    1.33174205,
    0.22163165,
    1.822245062,
    0.766911726,
    1.898,
    0.165096233,
    0.816154811,
    0.88145216,
    1.533676534,
    13.674,
    9.347,
    5.321,
    10.111,
    8.725,
    12.859,
    1.215,
    6.69,
    3.988,
    0.82,
    1.184,
    6.173,
    13.573,
    1.587,
    4.241,
    1.467,
    1.424,
    6.97
  ],
  "y_pred": [
    0.6182475752190005,
    13.380316403246702,
    2.7366138921167074,
    3.544035026573911,
    4.563412108372206,
    10.905101633570224,
    12.36889620931827,
    14.27114066718497,
    0.6306404513927998,
    1.3113316101269805,
    0.563227549327204,
    1.8034825871730922,
    1.1127654300485887,
    1.895614936092308,
    0.5693628022145273,
    0.8843931141760756,
    1.0523239615945654,
    1.7576952245981727,
    13.358187750730199,
    9.138876349693442,
    5.3270666128056074,
    9.589202785340145,
    8.448339945584646,
    12.611175791708268,
    1.5105077540108887,
    6.396010858637134,
    4.307373365922105,
    1.1480508464578325,
    1.2511510339090022,
    6.063266901141333,
    12.861741532872141,
    1.4951194999503812,
    3.794841781727869,
    1.397163639932016,
    2.440579830150589,
    7.228463062493722
  ],
  "residuals": [
    -0.27673902421900054,
    0.1643725067532973,
    -0.30942100511670745,
    0.025014199426089068,
    -0.35495555537220547,
    0.6028906964297764,
    0.7535627406817298,
    0.6173404128150306,
    -0.3982479353927998,
    0.02041043987301938,
    -0.34159589932720397,
    0.018762474826907738,
    -0.34585370404858873,
    0.0023850639076918867,
    -0.4042665692145273,
    -0.0682383031760756,
    -0.1708718015945654,
    -0.2240186905981727,
    0.31581224926980056,
    0.20812365030655755,
    -0.006066612805607718,
    0.5217972146598555,
    0.2766600544153537,
    0.2478242082917319,
    -0.2955077540108886,
    0.29398914136286614,
    -0.3193733659221052,
    -0.32805084645783256,
    -0.06715103390900223,
    0.10973309885866733,
    0.711258467127859,
    0.09188050004961879,
    0.44615821827213065,
    0.0698363600679841,
    -1.0165798301505893,
    -0.2584630624937221
  ],
  "basic_metrics": {
    "mse": 0.1403693947958342,
    "rmse": 0.3746590380543811,
    "mae": 0.29675590808904345,
    "r2": 0.9939764782272749,
    "adj_r2": 0.9937993158221947,
    "mape": 27.229358398218228,
    "max_error": 1.0165798301505893,
    "accuracy_10pct": 66.66666666666666,
    "n_samples": 36
  },
  "confidence_intervals": {
    "r2": {
      "mean": 0.9937009368102405,
      "std": 0.0016765582130578004,
      "ci_lower": 0.9903491217322781,
      "ci_upper": 0.9965174937125849,
      "median": 0.993860260162865
    },
    "rmse": {
      "mean": 0.3740249962036656,
      "std": 0.04629058003527681,
      "ci_lower": 0.28351313899107816,
      "ci_upper": 0.4742577038358041,
      "median": 0.3736641701418253
    },
    "mae": {
      "mean": 0.298124038091359,
      "std": 0.04066854014020651,
      "ci_lower": 0.22326795641978514,
      "ci_upper": 0.38570268567262594,
      "median": 0.29728031676768696
    },
    "mape": {
      "mean": 26.9365614883635,
      "std": 9.086104758709821,
      "ci_lower": 12.192001988872065,
      "ci_upper": 46.538173299539935,
      "median": 26.062849676888398
    }
  },
  "error_distribution": {
    "±5%": 15,
    "±10%": 9,
    "±20%": 4,
    ">20%": 8
  }
}