R²,RMSE,MAE,MAPE,Mean_Residual,Std_Residual,Correlation,Test_Samples
-0.28104627395593473,5.072295949394922,4.067054987653931,144.64655895863964,-0.7765448138563232,5.012500808012003,0.16614420655783724,8
